{"cameraMode":{"drawMode":0,"name":"Shaded","section":"Shading Mode"},"sceneLighting":true,"audioPlay":false,"sceneViewState":{"m_AlwaysRefresh":false,"showFog":true,"showSkybox":true,"showFlares":true,"showImageEffects":true,"showParticleSystems":true,"showVisualEffectGraphs":true,"m_FxEnabled":true},"in2DMode":false,"pivot":{"x":183.79148864746095,"y":-62.42655944824219,"z":-161.63217163085938},"rotation":{"x":0.444440633058548,"y":-0.052353937178850177,"z":0.026028931140899659,"w":0.8939017653465271},"size":415.60260009765627,"orthographic":false}