{"cameraMode":{"drawMode":0,"name":"Shaded","section":"Shading Mode"},"sceneLighting":true,"audioPlay":false,"sceneViewState":{"m_AlwaysRefresh":false,"showFog":true,"showSkybox":true,"showFlares":true,"showImageEffects":true,"showParticleSystems":true,"showVisualEffectGraphs":true,"m_FxEnabled":true},"in2DMode":false,"pivot":{"x":136.84078979492188,"y":1.2922210693359376,"z":-133.92315673828126},"rotation":{"x":-0.17610228061676026,"y":-0.0970081016421318,"z":0.017460688948631288,"w":-0.9794493317604065},"size":237.9309539794922,"orthographic":false}