{"cameraMode":{"drawMode":0,"name":"Shaded","section":"Shading Mode"},"sceneLighting":true,"audioPlay":false,"sceneViewState":{"m_AlwaysRefresh":false,"showFog":true,"showSkybox":true,"showFlares":true,"showImageEffects":true,"showParticleSystems":true,"showVisualEffectGraphs":true,"m_FxEnabled":true},"in2DMode":false,"pivot":{"x":217.67860412597657,"y":32.876609802246097,"z":-138.1137237548828},"rotation":{"x":0.15369504690170289,"y":-0.31497812271118166,"z":0.05177424103021622,"w":0.935154378414154},"size":91.41873931884766,"orthographic":false}